{"cameraMode":{"drawMode":0,"name":"Shaded","section":"Shading Mode"},"sceneLighting":false,"audioPlay":false,"sceneViewState":{"showFog":true,"showMaterialUpdate":false,"showSkybox":false,"showFlares":true,"showImageEffects":true,"showParticleSystems":true},"in2DMode":false,"pivot":{"x":0.6075887084007263,"y":-0.06551212072372437,"z":-0.0075463056564331059},"rotation":{"x":-0.21173205971717835,"y":-0.22432509064674378,"z":0.050000958144664767,"w":-0.9499199390411377},"size":2.3334522247314455,"orthographic":false}