{"cameraMode":{"drawMode":0,"name":"Shaded","section":"Shading Mode"},"sceneLighting":true,"audioPlay":false,"sceneViewState":{"showFog":true,"showMaterialUpdate":false,"showSkybox":true,"showFlares":true,"showImageEffects":true,"showParticleSystems":true},"in2DMode":false,"pivot":{"x":24.791086196899415,"y":0.2636408805847168,"z":15.864577293395996},"rotation":{"x":-0.37768155336380007,"y":0.008886054158210755,"z":-0.00362464040517807,"w":-0.9258863925933838},"size":31.110071182250978,"orthographic":false}